availability_rate,mean_stock
0.9999424736337488,3998640342.7178426
